南京,南京市区,01325,迈化路金山花苑,32.117140,118.838320
南京,南京市区,01876,和燕路404号,32.115840,118.817730
南京,南京市区,51916,和燕路413号,32.125070,118.820360
南京,南京市区,51922,后宰门西村21号,32.048630,118.819680
南京,南京市区,51982,全民健身中心一楼,31.633360,119.037810
南京,南京市区,01054,平江府路162号,32.018140,118.792790
南京,南京市区,01102,后宰门富贵山1号,32.051760,118.818660
南京,南京市区,01699,南京火车站北广场候车大厅,32.084059,118.798806
南京,南京市区,01875,大石桥4-2号,32.054690,118.788830
南京,南京市区,51246,水佐岗60-2号104,32.069790,118.763700
南京,南京市区,51416,中和路101-9号,31.967640,118.710840
南京,南京市区,51537,湖北路83号,32.068120,118.776650
南京,南京市区,51559,仙林街道杉湖西路6号-5,32.098290,118.919680
南京,南京市区,51402,友谊路66号,31.971600,118.714960
南京,南京市区,51866,丹凤新寓6栋4号,32.052790,118.788120
南京,南京市区,01869,铁心桥银杏山庄5-11号,31.955000,118.761850
南京,南京市区,01322,集庆门大街1-3号,32.019690,118.765630
南京,南京市区,01515,玉带园42号101,32.024140,118.777960
南京,南京市区,01948,侯家桥48号西房屋,32.039150,118.773190
南京,南京市区,01974,中山南路521-1号,32.017840,118.780280
南京,南京市区,01712,龙潭江畔人家锦江苑37栋门面房,32.180830,119.067890
南京,南京市区,01757,迈化路16号,32.122750,118.842760
南京,南京市区,01751,林景瑞园5栋108室门面房,32.112320,118.812640
南京,南京市区,51131,节制闸路7号,32.015280,118.800030
南京,南京市区,01275,象房新村11幢101室,32.019790,118.812690
南京,南京市区,51835,中央北路127号,32.106050,118.780280
南京,南京市区,01859,和燕路403号,32.123300,118.819870
南京,南京市区,01726,栖霞大道19号燕华花园,32.118850,118.830850
南京,南京市区,51251,钟阜路2号,32.086760,118.767500
南京,南京市区,51569,南昌路10号,32.081440,118.783030
南京,南京市区,51522,马群街道花港幸福城花港路6-19号,32.031360,118.900970
南京,南京市区,51061,虎踞北路84号,32.076210,118.754340
南京,南京市区,51369,芦席营82-2号,32.077370,118.780730
南京,南京市区,01353,萨家湾24号,32.082690,118.761430
南京,南京市区,01352,中山北路283号,32.078060,118.761720
南京,南京市区,01697,汉中路大锏银巷66-2,32.043270,118.779020
南京,南京市区,01277,黑龙江路26号-14,32.087310,118.774450
南京,南京市区,01204,许府巷6号101,32.083340,118.783160
南京,南京市区,01198,三牌楼大街209号,32.081720,118.762060
南京,南京市区,01122,中央路331号(沃天马特超市内),32.080490,118.783830
南京,南京市区,51264,长乐路74号,32.017290,118.786610
南京,南京市区,51144,平江府路71号,32.022030,118.792260
南京,南京市区,51489,应天大街353-1号,32.007120,118.775460
南京,南京市区,51053,长乐路131号，金榜苏果超市,32.017840,118.785860
南京,南京市区,51400,中华西门25号,32.012280,118.781010
南京,南京市区,01647,王府园3号,32.026990,118.787320
南京,南京市区,01646,集庆路239号,32.018850,118.769730
南京,南京市区,01509,来凤小区8号路31号,32.019730,118.772460
南京,南京市区,01963,磨盘街47号,32.016430,118.777380
南京,南京市区,01296,仙鹤街64号,32.022540,118.775120
南京,南京市区,01227,五福街72号,32.022030,118.772190
南京,南京市区,01147,升州路412号 郎溪茶场,32.027940,118.773590
南京,南京市区,01079,中华路426号,32.017420,118.783020
南京,南京市区,01049,长乐路222号-4,32.014500,118.794520
南京,南京市区,51278,建康路431号,32.025110,118.797460
南京,南京市区,51832,解放路21号,32.037730,118.810700
南京,南京市区,51820,长白街五老村1号-4,32.036990,118.797800
南京,南京市区,01748,新民路30号,32.090330,118.755820
南京,南京市区,01648,建宁路28号西站货场西门,32.092350,118.772140
南京,南京市区,01637,定淮门大街18号4幢101,32.065070,118.737000
南京,南京市区,01248,五所村14-5号,32.091220,118.759570
南京,南京市区,01244,幕府东路55-33号,32.113090,118.784840
南京,南京市区,01222,五所村农贸市场10-74号,32.090310,118.759730
南京,南京市区,01045,建宁路45号,32.091020,118.771930
南京,南京市区,01009,建宁路16号-8,32.090850,118.776670
南京,南京市区,51040,常府街九莲塘小区7栋2室,32.033260,118.793680
南京,南京市区,51355,文思巷2-9号,32.025390,118.796520
南京,南京市区,01750,长白街435号,32.036050,118.797420
南京,南京市区,01852,中和桥路160号,32.008020,118.826740
南京,南京市区,01835,瑞金北村35幢104室,32.035990,118.810980
南京,南京市区,01337,复兴巷5号,32.028070,118.797620
南京,南京市区,01503,三条巷121号,32.038780,118.801190
南京,南京市区,01266,中华路513号,32.014850,118.782690
南京,南京市区,51133,华侨路31--1号,32.046760,118.780920
南京,南京市区,51099,山西路43号,32.067270,118.771870
南京,南京市区,51073,云南路52号,32.061090,118.774370
南京,南京市区,51032,云南西路10号103室,32.061820,118.774730
南京,南京市区,51009,汉中路180号,32.042840,118.772260
南京,南京市区,01904,虎踞路40-2号,32.044610,118.764130
南京,南京市区,01732,宁海路匡庐村94-3号,32.055770,118.770530
南京,南京市区,01349,上海路154号,32.056890,118.774560
南京,南京市区,01211,瑞金路48号,32.031680,118.814060
南京,南京市区,01083,长白街56-1号,32.024290,118.794630
南京,南京市区,51921,三牌楼大街91号,32.078880,118.766390
南京,南京市区,51276,板仓新寓1栋5号,32.052790,118.788120
南京,南京市区,51240,后宰门街52号,32.045490,118.819100
南京,南京市区,51828,小卫街铁匠巷6幢6室,32.039170,118.852020
南京,南京市区,51814,新民路130号1-102,32.091500,118.758590
南京,南京市区,51157,卫岗童卫路6号,32.037840,118.840810
南京,南京市区,51474,孝陵卫汽车总站内,32.058380,118.796470
南京,南京市区,51432,双拜巷151号,32.030830,118.866090
南京,南京市区,51010,锁金村1号,32.070610,118.815400
南京,南京市区,01692,水佐岗44号,32.069780,118.764330
南京,南京市区,01221,钱塘路14号112室,32.058970,118.764710
南京,南京市区,01070,祁家桥13-101号,32.069733,118.764149
南京,南京市区,01025,祁家桥2号10幢102室,32.069110,118.768250
南京,南京市区,51934,小营北路6-5号,32.052660,118.804730
南京,南京市区,51588,如意里11号112室,32.046590,118.793530
南京,南京市区,51534,洪武北路红庙小区6-1号,32.048050,118.790400
南京,南京市区,51012,碑亭巷205号,32.048290,118.795090
南京,南京市区,51425,文昌桥2号,32.053660,118.796060
南京,南京市区,01864,吉兆花园8-108号,32.052940,118.785440
南京,南京市区,51003,后宰门东村76号(海英小学旁),32.049180,118.821820
南京,南京市区,01694,板仓街78号,32.070860,118.821740
南京,南京市区,01306,花园路28号,32.084010,118.820770
南京,南京市区,01191,蒋王庙中山山庄16号,32.078900,118.830930
南京,南京市区,01183,黄埔路2号,32.043540,118.811290
南京,南京市区,01178,后宰门街32号1-7室,32.045140,118.822880
南京,南京市区,01040,樱驼花园310幢,32.083730,118.830250
南京,南京市区,51911,石杨东路199号,32.005880,118.857240
南京,南京市区,01693,北门桥10号,32.048890,118.787780
南京,南京市区,01961,网巾市8号-1,32.050870,118.785050
南京,南京市区,01229,观音阁8号110室,32.047850,118.791860
南京,南京市区,01180,老虎桥28号,32.051580,118.792180
南京,南京市区,51953,傅厚岗1号,32.064610,118.785530
南京,南京市区,51836,祥和佳园10幢5号,32.104840,118.829630
南京,南京市区,51801,樱驼花园钟山山庄16幢一楼苏果便利旁,32.081300,118.831830
南京,南京市区,51213,大光路88号,32.024920,118.808080
南京,南京市区,51118,后标营50号,32.028470,118.835940
南京,南京市区,51475,银龙花园四期13栋102室,31.998450,118.848550
南京,南京市区,51424,光华东街15号,32.023180,118.818590
南京,南京市区,01866,解放南路119-6号,32.029590,118.810540
南京,南京市区,01745,银龙花园23号,32.006820,118.856430
南京,南京市区,01338,四方新村1村13幢101室,32.018510,118.842030
南京,南京市区,01650,风光里小区38栋2单元102室,31.997390,118.805190
南京,南京市区,01569,蓝旗街18幢101室,32.025990,118.817600
南京,南京市区,01949,银龙花园好又多超市内,32.006820,118.856430
南京,南京市区,51155,百子亭43号,32.064960,118.786110
南京,南京市区,51116,太平门10-14号,32.057880,118.813300
南京,南京市区,51042,中央路206号,32.071280,118.784450
南京,南京市区,01761,营苑新寓华诚超市,32.116300,118.839380
南京,南京市区,01575,兴卫村兴都花园18-2号,32.103950,118.843070
南京,南京市区,01482,兴贤佳园10栋1-3,32.102230,118.840760
南京,南京市区,01270,板仓樱海公寓1号,32.086400,118.831390
南京,南京市区,01281,教敷营2-24号,32.021600,118.786680
南京,南京市区,01280,大光路2号 布料城路口,32.023710,118.815230
南京,南京市区,01268,银龙路19号,32.002180,118.854390
南京,南京市区,01214,苜蓿园大街69号(体育中心),32.026730,118.830650
南京,南京市区,01155,光华东街14号,32.023490,118.819230
南京,南京市区,01262,兴贤佳园修贤苑35幢104,32.101940,118.835990
南京,南京市区,01187,高楼门20号－1,32.060770,118.787450
南京,南京市区,01185,中央路282号,32.084680,118.784380
南京,南京市区,51871,仙林荣域品苑1栋3室,32.121650,118.926510
南京,南京市区,51200,化纤新村沂园山庄5-6号,32.125950,118.837040
南京,南京市区,51171,仙林大道南大和园菜场28号,32.109060,118.964150
南京,南京市区,51508,仙林新村12栋110室-2,32.096790,118.912000
南京,南京市区,51435,文苑路2-2号苏果社区店,32.096570,118.904340
南京,南京市区,51349,家庄农贸市场1FA02,31.564570,118.994350
南京,南京市区,01827,太新路75号,32.143520,118.839250
南京,南京市区,01640,太平村门坡82-1号,32.093380,118.905960
南京,南京市区,01566,经五路兴都晴轩05-101,32.108490,118.833920
南京,南京市区,51265,东宝路6号,32.043160,118.737630
南京,南京市区,51239,凤凰西街186-18号,32.041040,118.745440
南京,南京市区,51805,海棠里10-4号,32.040320,118.743240
南京,南京市区,51504,凤凰街82号,32.043300,118.761490
南京,南京市区,51383,宁工新寓182号,32.058690,118.735340
南京,南京市区,01905,银城街51号,32.053200,118.736630
南京,南京市区,01355,海棠里30号,32.040320,118.743240
南京,南京市区,01351,凤凰西街14号,32.042960,118.758670
南京,南京市区,01518,宁工新寓28号,32.058690,118.735340
南京,南京市区,01475,凤凰西街269号,32.040690,118.747490
南京,南京市区,01265,清江路99号苏宁小商品市场,32.045000,118.730540
南京,南京市区,01238,汉中门大街432号,32.039860,118.728880
南京,南京市区,51859,西善桥北路52号,31.965530,118.722380
南京,南京市区,51300,板桥红太阳装饰城,31.939210,118.666980
南京,南京市区,51581,梅山医院对面,31.897120,118.628110
南京,南京市区,51127,板桥振兴路1-16号,31.922490,118.660580
南京,南京市区,51080,岱山中路8-16号,31.942790,118.693810
南京,南京市区,51478,西善桥宁芜路建宁段88号,31.958993,118.718220
南京,南京市区,01870,韩府山庄三期9幢10号,31.943180,118.752620
南京,南京市区,01868,红太阳装饰城商务区106号,31.939210,118.666980
南京,南京市区,01862,板桥街道青年路1号,31.918370,118.658120
南京,南京市区,01826,板桥街道青年路8号,31.651900,119.035160
南京,南京市区,01579,梅山梅欣创业园15号,31.951210,118.713070
南京,南京市区,01219,铁心桥春江新城韩府坊2-8号,31.962110,118.753980
南京,南京市区,01128,板桥锦华新城菜场9号,31.924350,118.636840
南京,南京市区,51932,新尧路银辰新苑5-1号,32.119150,118.878110
南京,南京市区,51236,步青路8-11号,32.141030,118.999750
南京,南京市区,51585,马群宁康苑,32.042210,118.904630
南京,南京市区,51154,马群新街33号,32.051080,118.896180
南京,南京市区,51135,南炼生活区经二路10号,32.147370,118.929400
南京,南京市区,51404,东巷口56号,32.148190,118.955330
南京,南京市区,01894,甘家巷12号,32.143260,118.926110
南京,南京市区,01855,靖安镇教师楼01栋13号,32.220150,119.129990
南京,南京市区,01298,红枫街20号,32.135210,118.945190
南京,南京市区,01480,五福家园九乡河农贸市场,32.152750,118.949860
南京,南京市区,01433,马群街府军卫16号,32.048470,118.893280
南京,南京市区,01283,马群街111号,32.048900,118.888030
南京,南京市区,01255,炼油厂集贸市场1-40,32.152140,118.933630
南京,南京市区,01092,摄山星城听竹苑32幢,32.143030,119.005670
南京,南京市区,51343,丁家桥2号-1,32.070650,118.777670
南京,南京市区,51259,将军庙工行新寓28号,32.074690,118.771420
南京,南京市区,51212,石头城81号,32.059250,118.751870
南京,南京市区,51167,鼓楼街5号,32.059800,118.781350
南京,南京市区,51106,中山北路371号,32.085680,118.752420
南京,南京市区,51819,南湖路12号,32.029870,118.756620
南京,南京市区,51808,莫愁湖东路16号-5,32.033300,118.767190
南京,南京市区,51175,长虹路4号,32.029920,118.767050
南京,南京市区,51558,平良大街41-13号,31.962860,118.714310
南京,南京市区,51529,江东中路222号,32.007060,118.730230
南京,南京市区,51503,汉中门大街17号,32.040030,118.762330
南京,南京市区,51492,露园13栋53号101室,32.031860,118.750980
南京,南京市区,51417,彩虹苑7栋21号-101,32.024330,118.761050
南京,南京市区,51367,艺苑村6栋22号106室,32.030530,118.758700
南京,南京市区,01752,沿河二村28号,32.025500,118.754890
南京,南京市区,01487,莫愁新村17号101室,32.029960,118.760400
南京,南京市区,01944,水西门大街223号-1,32.034250,118.750320
南京,南京市区,01282,水西门大街266号,32.034100,118.756500
南京,南京市区,01236,南苑贡园15-102号,32.018050,118.756790
南京,南京市区,01235,车站南村1栋2号107,32.027140,118.755020
南京,南京市区,01149,云锦路80-4,32.031200,118.743360
南京,南京市区,51594,火瓦巷28号102室,32.031840,118.789630
南京,南京市区,51117,程阁老巷16号,32.034730,118.785740
南京,南京市区,51055,汉西门大街4号,32.041180,118.768580
南京,南京市区,51043,大香炉21号,32.033050,118.781650
南京,南京市区,51013,明瓦廊18号,32.033750,118.782060
南京,南京市区,01218,戎庄新村1栋102室,32.058380,118.796470
南京,南京市区,01217,明瓦廊129号,32.037420,118.783690
南京,南京市区,01206,延龄巷5号,32.035510,118.790970
南京,南京市区,01170,石鼓路71号 阳光大厦,32.039910,118.779510
南京,南京市区,01087,洪武路135号(彩票小屋),32.037590,118.787750
南京,南京市区,01004,马群百水芊城秀水坊1-108,32.049220,118.906040
南京,南京市区,51920,长虹路298号2单元103室,32.002530,118.767920
南京,南京市区,51250,雨花西路64号,32.005700,118.772940
南京,南京市区,51226,能仁里15号,32.000500,118.771950
南京,南京市区,51570,小行街13号,31.981570,118.744020
南京,南京市区,51535,邓府山村1栋2单元104室,31.993610,118.769600
南京,南京市区,51101,雨花西路222号,31.997840,118.766530
南京,南京市区,51028,雨花路20号,32.010170,118.779690
南京,南京市区,01360,景明佳园创业园65号,31.964880,118.776980
南京,南京市区,01969,长虹路296号（雨虹雅苑）,32.003120,118.767470
南京,南京市区,51886,江东北路418-31号,32.068010,118.738550
南京,南京市区,51834,盐仓桥24号,32.088110,118.751390
南京,南京市区,51209,建宁路300号大观天地西门,32.091510,118.744190
南京,南京市区,51090,多伦路63号,32.089340,118.752300
南京,南京市区,51434,建宁路129-1号,32.092790,118.760580
南京,南京市区,51361,热河南路44-8号,32.081180,118.741510
南京,南京市区,51354,热河南路312号,32.074060,118.740410
南京,南京市区,01881,定淮门大街6号,32.065640,118.741080
南京,南京市区,51878,和燕路252号,32.095770,118.799670
南京,南京市区,51348,金陵村40-11号,32.110210,118.767890
南京,南京市区,51284,水关桥14号,32.100220,118.761520
南京,南京市区,51222,和燕路191号,32.096320,118.799490
南京,南京市区,51509,幕府西路28-2号,32.108730,118.773650
南京,南京市区,51415,田园美居233-9号,32.117140,118.808930
南京,南京市区,01713,金陵新九村15幢102室,32.110460,118.758960
南京,南京市区,01358,金陵新七村33栋103室,32.108700,118.764110
南京,南京市区,01341,小市村平房57-3号,32.096750,118.798060
南京,南京市区,01336,中央北路15号-2,32.097600,118.784370
南京,南京市区,01303,安怀村35-30-12号,32.099170,118.796080
南京,南京市区,01302,金燕路95号,32.106500,118.762680
南京,南京市区,01412,小市新村311-4号,32.094740,118.782130
南京,南京市区,01247,五塘新村二段D幢2号,32.110240,118.783700
南京,南京市区,01074,幕府东路84号,32.113620,118.788320
南京,南京市区,51292,大明路曙光里教师公寓1号门面,32.001790,118.807550
南京,南京市区,51848,大明西路洪家园春光里30号,31.997780,118.801580
南京,南京市区,51187,大明花园阳光里2号1,31.997470,118.802600
南京,南京市区,51476,康居里19栋95-102号,32.007387,118.806588
南京,南京市区,51017,秦虹小区乔虹苑26号,32.012800,118.804950
南京,南京市区,51422,汇景北路51号,31.983320,118.808360
南京,南京市区,01339,中和桥路60号,32.012650,118.814650
南京,南京市区,01753,汇景家园汇景路70号门面,31.983600,118.812830
南京,南京市区,01942,东瓜匙路86号,31.992420,118.799470
南京,南京市区,01225,文安里31-102号,32.011570,118.802510
南京,南京市区,01223,中牌楼东路155号,32.002180,118.805810
南京,南京市区,01154,秦虹南路66号岗虹苑20栋102室,32.010040,118.808150
南京,南京市区,01125,土城头61号,31.996630,118.795830
南京,南京市区,01078,秦虹南路28号,32.011730,118.809740
南京,南京市区,01030,大明路77号,32.005840,118.811470
南京,南京市区,01006,柴园北路18号,31.984510,118.815744
南京,南京市区,51944,迈化路375号金盛百货门面房M1-2,32.111360,118.828680
南京,南京市区,51267,尧新大道29号,32.120020,118.870420
南京,南京市区,51092,迈皋桥街46号,32.105560,118.809360
南京,南京市区,01896,尧化门3号路11-15号,32.150639,118.921471
南京,南京市区,01324,尧化3号路,32.147220,118.926450
南京,南京市区,01319,尧化2号路17号,31.998380,118.773610
南京,南京市区,01576,和燕路294-5,32.102920,118.808790
南京,南京市区,01573,十字街70号,32.097520,118.807840
南京,南京市区,01977,尧顺佳园6幢06-3号,32.125940,118.891280
南京,南京市区,01256,尧化2号路,31.963600,118.703520
南京,南京市区,01234,花园东升村2-1号,32.023200,118.758450
南京,南京市区,01044,和燕路迈皋桥高家村42号,32.101710,118.810780
南京,南京市区,51881,集庆门大街157号,32.027350,118.747410
南京,南京市区,51272,应天西路94号虹苑新寓,32.013600,118.750390
南京,南京市区,51168,湖西街8号,32.032450,118.751200
南京,南京市区,51137,中和路79-9号,31.971480,118.713110
南京,南京市区,51470,江东中路305号中泰国际广场,32.000800,118.727170
南京,南京市区,51408,雨花西路16-13,32.005070,118.777290
南京,南京市区,51396,新安江街地铁二号线奥体东站18号,31.999320,118.728920
南京,南京市区,01847,新安江街万达华府7幢112号门面,31.996740,118.739170
南京,南京市区,01846,富春江东街66号,31.993653,118.735840
南京,南京市区,01642,南湖路99号,32.020870,118.752710
南京,南京市区,01958,奥体融侨中央花园18幢27号,32.002940,118.722330
南京,南京市区,01252,黄山路202号,31.979630,118.718400
南京,南京市区,01237,所街189号,32.022530,118.744300
南京,南京市区,01231,湖西路9号,32.101820,118.921350
南京,南京市区,01063,庐山路奥体中央公园（家乐福门口）,31.994730,118.725360
南京,南京市区,01230,迈皋桥街258号,32.104290,118.805790
南京,南京市区,01210,宏光路77号,32.004130,118.803160
南京,南京市区,51874,升州路242号门面房,32.025500,118.777760
南京,南京市区,51812,大石坝街37号,32.019810,118.791610
南京,南京市区,51513,大石坝街103号,32.018250,118.788720
南京,南京市区,51038,江宁路4号,32.008000,118.792550
南京,南京市区,01634,剪子巷131-1号,32.012600,118.790870
南京,南京市区,01635,北圩路教工新村33号,32.044470,118.751320
南京,南京市区,01289,状元境45号102,32.022370,118.788150
南京,南京市区,01481,郁金里3幢102室,32.039910,118.756140
南京,南京市区,01207,川江街舸舫园9-2-101,32.063030,118.738040
南京,南京市区,51875,梅山上怡南苑门口,31.900130,118.636270
南京,南京市区,51297,龙西路197号,31.956650,118.730670
南京,南京市区,01047,升州路167号,32.025070,118.778370
南京,南京市区,51225,四条巷89号邮政报亭,32.038190,118.798930
南京,南京市区,51208,瑞金路10号,32.031850,118.810190
南京,南京市区,51507,铁心桥大街1-2号,31.961760,118.761940
南京,南京市区,01871,铁心桥凤翔山庄熹园,31.963740,118.758380
南京,南京市区,01653,中山北路415号,32.086230,118.748980
南京,南京市区,01273,复地新都国际商业街8-108,32.100800,118.799160
南京,南京市区,01243,姜家园100号,32.084700,118.744460
南京,南京市区,51063,马府新村8号,32.030720,118.794120
南京,南京市区,51031,建康路155号,32.023610,118.789920
南京,南京市区,01867,西善桥兴梅路,31.958993,118.718220
南京,南京市区,51166,所街思园三栋102室,32.019350,118.754000
南京,南京市区,01332,常府街8号,32.033060,118.800360
南京,南京市区,01213,三茅巷20号,32.038190,118.778550
南京,南京市区,51126,仙霞路35号104室,32.056700,118.764450
南京,南京市区,51471,平家巷10号,32.045230,118.781890
南京,南京市区,01359,云南路7号,32.063270,118.776240
南京,南京市区,01059,中山东路532--1号,32.038830,118.822880
南京,南京市区,51891,苜蓿园东街1号108室,32.035660,118.836250
南京,南京市区,01823,七乡河大道8号东区123室,32.145790,119.021040
南京,南京市区,01333,仙鹤门鹤鸣路52-84号,32.088960,118.900240
南京,南京市区,01479,龙潭镇锥子山街63号,32.168700,119.058200
南京,南京市区,01295,仙居雅苑2路103号,32.093000,118.897270
南京,南京市区,01253,马群新街110号,32.055130,118.895490
南京,南京市区,51269,孝陵卫宴公庙1号,32.033910,118.864990
南京,南京市区,51216,苜蓿园东街9号,32.036750,118.834000
南京,南京市区,51111,南京理工大学3号门,32.036040,118.852840
南京,南京市区,51018,兰园集贸市场南东8号门面,32.057310,118.802800
南京,南京市区,51889,雨花南路51-14号,31.997060,118.763240
南京,南京市区,51574,上水园商业区西楼2号,31.980910,118.777430
南京,南京市区,51006,花红园163号三幢西1-1,32.049800,118.799670
南京,南京市区,01725,柳营100号,32.042750,118.875180
南京,南京市区,01328,花园路7号,32.080860,118.824200
南京,南京市区,01504,锁金二村11幢1号,32.073590,118.814950
南京,南京市区,01189,后宰门五十四中20号门面,32.047980,118.821130
南京,南京市区,01701,双闸中梗村168号,31.959900,118.672670
南京,南京市区,01971,西善桥北路68号,31.958720,118.717840
南京,南京市区,51919,石杨路2号20栋101室,32.011260,118.839090
南京,南京市区,51870,漓江路7号,32.052490,118.736020
南京,南京市区,51849,莲池路37-6号,31.965794,118.720599
南京,南京市区,01747,东箭道31-1号,32.044860,118.799220
南京,南京市区,01067,珠江路双井巷9号,32.051220,118.793310
南京,南京市区,51860,北京东路40-21号,32.057210,118.805300
南京,南京市区,51855,红山路98号,32.089370,118.809760
南京,南京市区,51827,海福巷1号,32.019290,118.834530
南京,南京市区,51163,天地花园27号,32.023520,118.831420
南京,南京市区,51074,石门坎114号,32.020570,118.829060
南京,南京市区,51386,蓝旗街28栋108室,32.025930,118.818970
南京,南京市区,01834,石杨路101号26幢-1,32.004220,118.860840
南京,南京市区,01861,集庆门大街110号,32.023643,118.756340
南京,南京市区,01346,南苑新村真园报亭,32.019470,118.755760
南京,南京市区,01323,石门坎后街1号,32.019870,118.820380
南京,南京市区,01159,铁心桥春江佳园29A-5号,31.960120,118.754600
南京,南京市区,51277,步青路10-13号,32.139310,119.000230
南京,南京市区,51170,龙潭镇龙厂路2号,32.168830,119.059290
南京,南京市区,51493,七乡河大道玄武货运市场交易大厅南区129号,32.145790,119.021040
南京,南京市区,51134,中央路292--2号,32.086370,118.784358
南京,南京市区,51081,北京东路71号14栋105中国移动通信,32.057770,118.803720
南京,南京市区,01639,北京东路71号,32.057770,118.803720
南京,南京市区,01484,黑墨营路98-11号,32.088840,118.818230
南京,南京市区,01952,月苑二村1幢110号,32.099140,118.827300
南京,南京市区,51153,龙江小区碧树园46--2A 碟屋,32.057780,118.744780
南京,南京市区,51468,马家街30-4号,32.074390,118.781370
南京,南京市区,51257,南湖东晟村43--1,31.976630,118.823400
南京,南京市区,51806,云河路9号,32.022050,118.764870
南京,南京市区,01140,水西门大街91号,32.030960,118.764260
南京,南京市区,51062,小火瓦巷45号,32.033150,118.788620
南京,南京市区,51054,洪武路119号-1,32.038450,118.787880
南京,南京市区,01842,羊皮巷15号2幢101室,32.035950,118.786500
南京,南京市区,51586,仙林大道118号尚东花园130-8号,32.091420,118.926390
南京,南京市区,51360,胜利二村17栋102室,32.134200,118.818850
南京,南京市区,51423,玄武大道699-39紫气钟山28-102,32.091370,118.878060
南京,南京市区,51362,仙林湖守敬路北1-25,32.120620,118.984650
南京,南京市区,51582,三牌楼菜场,32.078320,118.768680
南京,南京市区,51526,文云巷4号,32.067850,118.780980
南京,南京市区,51086,福建路54号,32.081690,118.761320
南京,南京市区,01828,黑龙江路16号-9,32.087260,118.777640
南京,南京市区,01205,模范马路16号103室工人新村口,32.078180,118.770400
南京,南京市区,01486,和燕路399-2号,32.122380,118.819480
南京,南京市区,01026,郁金香路11号,31.981211,118.778511
南京,南京市区,51282,热河南路9号,32.085440,118.742510
南京,南京市区,51084,四平路29号,32.092880,118.758100
南京,南京市区,51357,北祖师庵8-1号,32.090040,118.750000
南京,南京市区,01136,方家营70号-5,32.099070,118.755380
南京,南京市区,51942,大明路6号,32.013840,118.812720
南京,南京市区,01426,康业里11幢46-101号,32.004610,118.804780
南京,南京市区,01224,龙蟠中路530-4,32.016080,118.798480
南京,南京市区,01130,中和桥5－1号,32.018020,118.813740
南京,南京市区,01024,扇骨里15栋106室,32.021320,118.804830
南京,南京市区,51229,和燕路276号,32.100250,118.805590
南京,南京市区,01878,仙林汽配城,32.110040,118.897980
南京,南京市区,01340,火车站候车大厅南,31.968960,118.798420
南京,南京市区,01263,尧佳路52号,32.119790,118.883550
南京,南京市区,01188,东杨坊130号,32.097670,118.881140
南京,南京市区,51955,富春江东街83号-6,31.996130,118.731480
南京,南京市区,51862,应天西路873号,32.017310,118.751050
南京,南京市区,51573,舒心苑1-5号,32.024220,118.732460
南京,南京市区,51125,江心洲民安路永定村梅子新寓101室,32.023950,118.703400
南京,南京市区,51490,庐山路136号,32.001290,118.730480
南京,南京市区,51418,松花江东街93号,32.010750,118.736430
南京,南京市区,51385,友谊路58号,31.967160,118.718890
南京,南京市区,01348,应天大街867号,32.019920,118.743440
南京,南京市区,01138,应天西路92号,32.014640,118.754120
南京,南京市区,51285,火瓦巷1号,32.031000,118.788370
南京,南京市区,01698,板仓街23号,32.069580,118.820970
南京,南京市区,51933,和燕路63号-4,32.095060,118.794580
南京,南京市区,51159,西善桥西柿路12号,31.944230,118.698690
南京,南京市区,51499,高铁南站候车室二楼,31.970070,118.798350
南京,南京市区,51405,小行路204号,31.986013,118.746590
南京,南京市区,01756,康润园菜场门面房6号,32.003390,118.769310
南京,南京市区,51228,金陵新八村1幢6单元101室,32.112540,118.762870
南京,南京市区,51220,幕府西路33号金域中央13栋107室,32.104440,118.773270
南京,南京市区,51104,燕江路54-48号,32.111280,118.762260
南京,南京市区,51007,中央北路87号,32.102810,118.781820
南京,南京市区,01304,东门前街2-7号,32.094220,118.787090
南京,南京市区,01943,苜蓿园大街66号梅花山庄华联超市,32.031610,118.831600
南京,南京市区,01425,水关桥72号油运小区,32.099294,118.758333
南京,南京市区,01755,西善桥农贸市场39号,31.956920,118.713780
南京,南京市区,51403,校门口63号,32.077700,118.761640
南京,南京市区,01743,红山路186-5号,32.094070,118.809520
南京,南京市区,01702,西善桥北路79号,31.965870,118.723090
南京,南京市区,51954,幕府南路230-5,32.099510,118.771860
南京,南京市区,01134,富康新村1号门卫,32.023150,118.826660
南京,南京市区,51431,富贵里1栋103号,32.064290,118.771090
南京,南京市区,01472,华银路20号,32.112300,118.858500
南京,南京市区,51532,翠林北路8-35号,32.127340,118.887710
南京,南京市区,01873,铁心桥春江新城升景坊32号,31.962110,118.753980
南京,南京市区,51364,和燕路408号彩虹广场,32.118050,118.819340
南京,南京市区,51549,明发商业广场99号,31.978360,118.796170
南京,南京市区,51411,石华街18号,31.968920,118.788340
南京,南京市区,51487,建宁路40号,32.093860,118.766480
南京,南京市区,01033,钟山晶典小区门面房105室,32.067020,118.911090
南京,南京市区,51823,春江新城升景坊35栋05室,31.960250,118.749480
南京,南京市区,01474,朝阳西苑15栋2号,31.917940,118.651970
南京,南京市区,51822,集庆路131号,32.018320,118.773990
南京,南京市区,51802,梦都大街138号101室,32.012360,118.728070
南京,南京市区,01863,王府大街128,32.035550,118.777550
南京,南京市区,51421,银城街10号102室,32.053990,118.738030
南京,南京市区,51363,汇贤路3-3号,32.102360,118.837470
南京,南京市区,51120,丹凤街尖角营31号,32.055790,118.785900
南京,南京市区,51148,弓箭坊53号门面,32.024500,118.780450
南京,南京市区,01839,拉萨路4号,32.048310,118.769940
南京,南京市区,51093,广州路258号,32.050610,118.770310
南京,南京市区,51279,玉泉路13号,32.059520,118.767000
南京,南京市区,01836,石门坎104号,32.018450,118.826480
南京,南京市区,51098,西善花苑梅山村邱村3期70-10,31.938150,118.694630
南京,南京市区,01854,白龙江西街69号,31.997340,118.712910
南京,南京市区,51472,镇江路晚市15号,32.073690,118.757060
南京,南京市区,01002,福建路26号-6,32.082460,118.762200
南京,南京市区,01195,箍桶巷11号,32.014820,118.788380
南京,南京市区,01690,建宁路2-2号金盛百货,32.091160,118.783130
南京,南京市区,51164,汉口西路22号,32.054960,118.773260
南京,南京市区,01208,星海路8-1号紫金明珠联华超市内,32.018080,118.860800
南京,南京市区,51256,长江路相府营8号116室,32.045440,118.791180
南京,南京市区,01848,双龙巷3号,32.056560,118.785970
南京,南京市区,51497,兴贤路6-26号,32.104620,118.835060
南京,南京市区,01473,和燕路381号,32.120130,118.818630
南京,南京市区,01967,板桥古雄新居68-19号,31.906780,118.644830
南京,南京市区,51146,中山北路103号军人俱乐部内,32.066420,118.775070
南京,南京市区,51077,建邺路66号,32.030220,118.782760
南京,南京市区,01361,景明佳园织景苑6幢,31.966830,118.777250
南京,南京市区,01290,路子铺66号,32.003760,118.794860
南京,南京市区,51500,汇景路28-1号,31.984000,118.813170
南京,南京市区,51506,百水芊城门面房,32.049220,118.906040
南京,南京市区,01345,广州路39号,32.049720,118.779060
南京,南京市区,51105,花生糖购物广场一层125号,32.058380,118.796470
南京,南京市区,51693,华银路19号燕歌园13幢103室门面房,32.112880,118.858170
南京,南京市区,01184,玄武大道聚宝山庄海棠街区1-1-7,32.094270,118.863860
南京,南京市区,51252,龙凤花园携凤园33号101室,32.049930,118.745720
南京,南京市区,51235,红山路十字街100号,32.088620,118.809420
南京,南京市区,01906,大四福巷32号,32.021160,118.787790
南京,南京市区,01633,集庆门大街莺歌苑201栋101室,32.028960,118.741830
南京,南京市区,51877,合作村91-39号,32.107063,118.834125
南京,南京市区,51085,和燕路413号,32.125070,118.820360
南京,南京市区,51008,和燕路463号,32.130770,118.822160
南京,南京市区,51020,花园镇花园街35号,32.200910,119.081330
南京,南京市区,51021,定淮门2号,32.068670,118.750860
南京,南京市区,51036,金陵新村新四村12号,32.112620,118.765710
南京,南京市区,51058,建宁路8号玉桥市场,32.090240,118.781370
南京,南京市区,51059,中山南路张府园14--1号,32.032300,118.782910
南京,南京市区,51067,解放路6号,32.039130,118.810160
南京,南京市区,51114,集庆路15-1号,32.018870,118.779540
南京,南京市区,51161,黄山路3号,32.016047,118.748806
南京,南京市区,51211,中央路385号,32.082920,118.783840
南京,南京市区,51215,金沙江街93号,31.993650,118.708270
南京,南京市区,51230,长江路66号,32.045740,118.786090
南京,南京市区,51234,鼓楼区唐山路271号,32.080390,118.733810
南京,南京市区,51255,北苑1村15号,32.102990,118.821470
南京,南京市区,51291,营苑北路2号联华超市,32.105750,118.833740
南京,南京市区,51295,兴贤家园农贸市场2楼,32.105170,118.840530
南京,南京市区,51298,罗廊巷11号,32.039010,118.770590
南京,南京市区,51366,嘉乐村10号,32.085300,118.751050
南京,南京市区,51370,迎春里8幢108室,32.038250,118.756040
南京,南京市区,51412,应天大街692-2号,32.011290,118.765900
南京,南京市区,51419,新河一村2号2-2,32.069610,118.735220
南京,南京市区,51533,乐居雅20栋105室,32.129850,118.849020
南京,南京市区,01261,峨嵋路25号,32.338020,118.864560
南京,南京市区,51554,古平岗1号,32.070430,118.755130
南京,南京市区,51595,月安街33-4号,32.020270,118.729600
南京,南京市区,51803,凤凰西街中海2期凤凰熙岸9-15号,32.043970,118.757860
南京,南京市区,01488,仙林新村农贸市场1号,32.097600,118.912100
南京,南京市区,01107,富丽山庄小区南门3号,32.026850,118.834960
南京,南京市区,01759,尧化门兴智路菜场门面房,32.120280,118.883410
南京,南京市区,01821,神农路祥和雅苑16栋,32.127740,118.825190
南京,南京市区,01877,华银路（四号板块17-3-112）,32.115280,118.862260
南京,南京市区,51139,小行地铁站书报亭,31.981760,118.743800
南京,南京市区,51231,尧化门翠林山庄门口门面房,32.127630,118.886470
南京,南京市区,51429,平安里52号601室,32.073340,118.773510
南京,南京市区,51914,板桥辅机路182号,31.898500,118.638580
南京,南京市区,51858,清凉门大街285号辰龙绿苑,32.046330,118.734660
南京,南京市区,01152,四条巷45号,32.035830,118.798310
南京,南京市区,51356,西善花苑农贸市场14号门面,31.937280,118.696940
南京,南京市区,51584,青年自在城北风情街20号商铺,31.907250,118.663250
南京,南京市区,51019,梅山一号路,31.899890,118.626830
南京,南京市区,01288,南湖文体村17号103室,32.027740,118.758740
南京,南京市区,01957,四平路50号,32.095020,118.757590
南京,南京市区,51198,邀贵井1号,32.026460,118.791560
南京,南京市区,51869,云南路15号-3号,32.062850,118.775680
南京,南京市区,01274,中山北路483号,32.086660,118.744230
南京,南京市区,01731,小市新村311-4号,32.094740,118.782130
南京,南京市区,01754,晓街1-4号,32.097320,118.751070
南京,南京市区,01965,铁心桥大街111号,31.960140,118.762180
南京,南京市区,51270,大光路17号,32.023360,118.814510
南京,南京市区,01883,锦江路68号,32.044900,118.735070
南京,南京市区,51016,银桥市场东门,32.013440,118.765440
南京,南京市区,51274,银城街51号,32.053200,118.736630
南京,南京市区,51685,怡康街虹苑新寓5村1栋104,32.016059,118.749050
南京,南京市区,01724,建宁路119号安乐村门口,32.093740,118.763950
南京,南京市区,01064,大桥南路北祖师庵9号,32.090040,118.750000
南京,南京市区,01016,三步两桥1号,32.073270,118.766990
南京,南京市区,01065,高楼门路53号,32.062800,118.786650
南京,南京市区,01162,沁园山庄万鑫花园61号A8幢,32.124400,118.842550
南京,南京市区,01172,和燕路423号,32.126190,118.820730
南京,南京市区,01888,集庆门大街99号,32.023500,118.756750
南京,南京市区,01096,中山北路210,32.077690,118.763000
南京,南京市区,01103,铅锌银街89号,32.150090,118.953790
南京,南京市区,01156,安怀东路汽轮七村棋牌室,32.100810,118.792630
南京,南京市区,01158,后宰门佛心桥43-2,32.049200,118.818610
南京,南京市区,01169,雨花西路262号,31.994880,118.763190
南京,南京市区,51433,翁家营120-1号,31.982690,118.824660
南京,南京市区,51024,凤凰西街128号,32.041660,118.752410
南京,南京市区,51389,马群文康苑3号,32.037110,118.896314
南京,南京市区,01424,集庆路51号,32.018370,118.777300
南京,南京市区,01502,止马营72号,32.033880,118.770180
南京,南京市区,51550,景明佳园颂景苑6栋1号,31.965760,118.776920
南京,南京市区,01872,油坊桥莲池路40-3门面房,31.966352,118.721350
南京,南京市区,51817,仙鹤街67号,32.021240,118.775170
南京,南京市区,01962,樱驼花园华康苑04幢101,32.081330,118.830650
南京,南京市区,01956,联合村147号,32.017680,118.852710
南京,南京市区,01638,和燕路471-19号,32.133300,118.822130
南京,南京市区,51294,建宁路12号金桥市场一楼,32.091380,118.779690
南京,南京市区,51151,汉中西路298号,32.039780,118.740040
南京,南京市区,51280,后宰门西村21号,32.048630,118.819680
南京,南京市区,51296,兴隆大街203号-2,32.018500,118.724520
南京,南京市区,51353,仙林农贸市场,32.096750,118.910160
南京,南京市区,01267,丰富路148号,32.037940,118.782410
南京,南京市区,51368,珠江路16号,32.062620,118.638220
南京,南京市区,01041,中和桥142号-1,32.010260,118.820360
南京,南京市区,01886,集庆路131号,32.018320,118.773990
南京,南京市区,01043,中山北路264号,32.083960,118.755680
南京,南京市区,01057,名都花园1-112号,32.113500,118.821040
南京,南京市区,01072,三牌楼大街西柏果园58号,32.079860,118.766010
南京,南京市区,01093,新河一村11栋－2,32.069610,118.735220
南京,南京市区,01120,砂珠巷小区5栋1－9,32.024900,118.783670
南京,南京市区,01150,虎踞北路183号,32.082410,118.753490
南京,南京市区,01194,中山北路200号-5,32.074070,118.766990
南京,南京市区,01201,紫竹林25号,32.084420,118.772140
南京,南京市区,01278,中山北路438号,32.087140,118.743570
南京,南京市区,01307,傅厚岗26号,32.065090,118.782940
南京,南京市区,01344,洪家园春光里74号,31.997780,118.801580
南京,南京市区,01365,龙江芳草园6号6104室,32.056010,118.747860
南京,南京市区,01056,水关桥15号,32.099294,118.758333
南京,南京市区,01430,吉祥村水吉路73-1号,32.126680,118.812720
南京,南京市区,01574,钓鱼台182号,32.016080,118.779100
南京,南京市区,01691,江东北路388-7号,32.064410,118.739370
南京,南京市区,01727,名都花园7栋11室,32.113500,118.821040
南京,南京市区,01841,玄武大道699-8号（世纪华联）,32.091890,118.883140
南京,南京市区,01851,光华路天堂村16幢1楼,32.019110,118.829510
南京,南京市区,01885,龙园西路金海园10号,32.056160,118.741760
南京,南京市区,01900,钞库街11号报亭,32.018020,118.788900
南京,南京市区,01945,纪念馆东路16号,32.036160,118.747700
南京,南京市区,01953,月香路6号紫金墨香苑小区门面房96号,32.098060,118.836750
南京,南京市区,01972,大光路50号,32.024340,118.810620
南京,南京市区,01978,湖北路22号,32.064560,118.780160
南京,南京市区,01133,中山东路518号－2,32.038950,118.807370
南京,南京市区,51583,凤集大道19号,31.939810,118.640160
南京,南京市区,01073,仙林二楼湾市场,32.093520,118.915960
南京,南京市区,01330,钟灵街46号,32.037020,118.865540
南京,南京市区,01485,月苑南路紫罗苑12幢101,32.100680,118.831270
南京,南京市区,01567,尧顺佳园28幢7号,32.125940,118.891280
南京,南京市区,51482,瑞金路大清河21号,32.031670,118.817000
南京,南京市区,51293,绣花巷8号,32.031060,118.798670
南京,南京市区,01299,西桐路10号银龙景苑2栋202室,32.003540,118.843280
南京,南京市区,01052,御道街113号（布料城）,32.022830,118.816330
南京,南京市区,51815,东箭道17号,32.043830,118.799020
南京,南京市区,51136,洪武路199号长发银座,32.035600,118.787520
南京,南京市区,01837,热河南路130-5号,32.077570,118.739660
南京,南京市区,51394,板桥镇振兴路5号,31.920400,118.660960
南京,南京市区,51083,孝陵卫罗汉巷118号,32.033940,118.859560
南京,南京市区,01294,龙蟠路149号湖畔居门口,32.081070,118.805370
南京,南京市区,51548,翠岭银河28-32号,31.952280,118.757900
南京,南京市区,51695,许家88-9-12号,31.681860,118.952710
南京,南京市区,01838,福建路26-6号,32.082300,118.762080
南京,南京市区,01649,八卦洲丽岛新城1024号,32.174260,118.815640
南京,南京市区,51261,万寿商业街F4-1,32.122590,118.842320
南京,南京市区,51014,大方巷18号,32.064430,118.774340
南京,南京市区,01643,福润雅居14栋30号,31.950450,118.733120
南京,南京市区,51399,雨润大街19号,31.981480,118.725390
南京,南京市区,01276,进香河路8号,32.051500,118.790300
南京,南京市区,01342,回龙桥5号102,32.075650,118.758140
南京,南京市区,51051,甘家巷259号,32.140912,118.920897
南京,南京市区,01860,热河南路108-1号,32.079300,118.741060
南京,南京市区,51214,水佐岗48号--1,32.069790,118.763700
南京,南京市区,01882,中山北路200号综合实验楼1楼108,32.074070,118.766990
南京,南京市区,01151,茶南3号路118－1号,32.150646,118.921471
南京,南京市区,51115,宏光路中牌楼西10号,32.001830,118.803930
南京,南京市区,01308,铁心桥春江新城创业园对面,31.962110,118.753980
南京,南京市区,01058,常府街24号,32.033360,118.798970
南京,南京市区,01279,所街思园9栋104,32.019350,118.754000
南京,南京市区,51883,黑龙江路2号8栋2室,32.087320,118.781400
南京,南京市区,51033,估衣廊8-1号,32.048270,118.787460
南京,南京市区,51536,土城头78号,31.996630,118.795830
南京,南京市区,01068,曹后村10号,32.085910,118.808970
南京,南京市区,51091,银龙花园三期银龙雅苑4栋13号,32.006190,118.863070
南京,南京市区,51138,三牌楼大街6号-1(川琴火锅店),32.078480,118.767340
南京,南京市区,51414,东大影壁路口,32.049970,118.804360
南京,南京市区,51804,红花村25号,31.999970,118.810000
南京,南京市区,01015,汉中路278号,32.043100,118.769230
南京,南京市区,51384,网板路18号苏果超市,32.103870,118.819550
南京,南京市区,51149,吉兆营1号,32.052230,118.784320
南京,南京市区,51880,庐山路128号110室,32.002280,118.731270
南京,南京市区,51918,板桥工兵路39-26,31.920274,118.658140
南京,南京市区,51527,八卦洲小城镇1栋07室,32.172200,118.820980
南京,南京市区,51124,太平南路131号,32.037415,118.793920
南京,南京市区,51473,白下路303号,32.026630,118.800170
南京,南京市区,01898,靖安长江村小学路26号,32.204560,119.195590
南京,南京市区,51610,延龄巷5号,32.035510,118.790970
南京,南京市区,01192,珠江路238号,32.049240,118.790980
南京,南京市区,01568,双塘路106号,32.023910,118.771940
南京,南京市区,01746,宁南大道1号宁南生鲜菜场,31.987410,118.749840
南京,南京市区,01240,兴达新寓42-3号,32.019660,118.741620
南京,南京市区,51430,小西湖36号102,32.015900,118.787240
南京,南京市区,51571,长白街285号,32.032860,118.796230
南京,南京市区,51107,长营村100号,32.105800,118.814220
南京,南京市区,01200,清凉门大街168号4-101裕国大厦,32.046610,118.742210
南京,南京市区,51857,中山南路234号,32.033700,118.783620
南京,南京市区,01100,中山北路43号,32.062150,118.780020
南京,南京市区,01199,马台街平安里52号,32.073340,118.773510
南京,南京市区,51110,科巷66号（科巷菜场西门）,32.038980,118.796060
南京,南京市区,51072,成贤街117号,32.053010,118.794980
南京,南京市区,01758,秦虹小区凤虹苑门卫,32.012340,118.807410
南京,南京市区,01260,太平桥南38号103,32.317340,118.980750
南京,南京市区,51843,中山北路247-2号,32.073710,118.766660
南京,南京市区,51488,铁心桥凤翔新城1栋6号门面房,31.970380,118.757330
南京,南京市区,01357,大阳沟一号亭,32.026070,118.813200
南京,南京市区,01148,中华路128号,32.024980,118.785040
南京,南京市区,01641,小营北路1号,32.053270,118.803230
南京,南京市区,01849,小市街121号,32.093020,118.789210
南京,南京市区,51095,雨花新村二村17栋-1号,31.998730,118.773070
南京,南京市区,01490,铁心桥大定坊韩府山庄4号,31.943180,118.752620
南京,南京市区,01048,中和桥142号-5号,32.010260,118.820360
南京,南京市区,01126,虎踞路54号-1,32.047190,118.761680
南京,南京市区,51112,新模范马路30--5号,32.077710,118.775720
南京,南京市区,01176,红花村165-18号,31.999970,118.810000
南京,南京市区,01137,新庄村53号铁新巷,32.081670,118.803910
南京,南京市区,01264,风光里119号,31.997390,118.805190
南京,南京市区,01946,通江路18号（月安菜场内）,32.025460,118.738240
南京,南京市区,01700,七家湾37号,31.346420,118.975900
南京,南京市区,01202,东瓜圃桥1号新门口,32.082360,118.767070
南京,南京市区,01251,积善新寓睦和园12幢1号,32.023330,118.735450
南京,南京市区,51872,福园街万达广场F129-41,32.032000,118.735250
南京,南京市区,51288,北圩路17号,32.035410,118.752490
南京,南京市区,51810,水西门大街266号,32.034100,118.756500
南京,南京市区,51039,茶南小区拓园95-1号,32.032480,118.747750
南京,南京市区,01203,百水芊城融康苑21栋105室,32.040790,118.901030
南京,南京市区,01292,集合村103号,32.009200,118.759990
南京,南京市区,01850,嘉陵江东街19号,31.986635,118.724287
南京,南京市区,01249,碑亭巷140号,32.046450,118.795110
南京,南京市区,51525,玉兰路19-29号,31.983530,118.791210
南京,南京市区,51087,大桥南路9-3号,32.088980,118.754000
南京,南京市区,01696,金碧路12-10号,32.101650,118.778240
南京,南京市区,01326,黄家圩31号,32.087660,118.793620
南京,南京市区,01175,南湖路49号,32.023084,118.756331
南京,南京市区,01857,文体路东升村3栋10号104室,32.023200,118.758450
南京,南京市区,01347,云水坊12栋101室,32.046860,118.909200
南京,南京市区,51479,迈尧路611号25幢3室,32.130150,118.849470
南京,南京市区,51609,大定坊牛首新城路9-3号,31.945520,118.749010
南京,南京市区,51615,春江新城正和坊11栋一单元102室,31.962040,118.756700
南京,南京市区,51088,西一新村22号101室,32.026810,118.789410
南京,南京市区,51681,春江新城天隆坊6-3号,31.962110,118.753980
南京,南京市区,01489,百水芊城向水坊2号,32.045630,118.902780
南京,南京市区,01968,平良大街37号,31.961910,118.715870
南京,南京市区,01907,虎踞关3-2号,32.052580,118.763280
南京,南京市区,01572,中央北路五佰村汽轮五村31-2号,32.106070,118.781840
南京,南京市区,51910,万达新村20号,32.018030,118.854600
南京,南京市区,01636,凤翔山庄5区8号,31.963320,118.756910
南京,南京市区,51069,龙凤花园携凤园33号101,32.049930,118.745720
南京,南京市区,51477,司背后1-1号,32.076200,118.773120
南京,南京市区,51233,拉萨路4号,32.048310,118.769940
南京,南京市区,51266,大石桥4-2,32.054000,118.790260
南京,南京市区,51530,清河新寓二村9号102室,32.042070,118.729500
南京,南京市区,51865,苍山路3号,32.021580,118.720650
南京,南京市区,51913,万达福园街129-26,32.030586,118.737007
南京,南京市区,51496,鼓楼区胜棋街9号,32.039720,118.759350
南京,南京市区,51505,北极西村35号,32.060930,118.789230
南京,南京市区,51847,铁心桥春江路54-4号,31.963130,118.756270
南京,南京市区,51268,雨花南路苏果便利,31.992640,118.778390
南京,南京市区,51194,三条巷18号,32.063230,118.777550
南京,南京市区,01167,龙园西路58号,32.064860,118.741630
南京,南京市区,51811,中山东路145号全民健身中心一楼,31.633360,119.037810
南京,南京市区,01144,石门坎165号,32.020570,118.829060
南京,南京市区,01577,丰富路53号,32.033780,118.779750
南京,南京市区,01578,东妙峰庵17号6栋1单元101室,32.085900,118.756520
南京,南京市区,01830,龙蟠路177号邮电大学锁金村校区,32.070350,118.813440
南京,南京市区,51035,御道街29号之4,32.033480,118.817420
南京,南京市区,01182,新庄村53号,31.949480,118.943180
南京,南京市区,51511,银贡山庄b区1栋1074,32.114070,118.862610
南京,南京市区,01895,玄武大道海棠街区1栋1-7,32.094270,118.863860
南京,南京市区,51397,板桥振兴路向阳雅居15栋1号,31.922470,118.660480
南京,南京市区,01293,建宁路52号,32.094100,118.765430
南京,南京市区,01075,新河一村2号2-2,32.069610,118.735220
南京,南京市区,01080,侯家桥43号,32.039470,118.772090
南京,南京市区,51888,香格里拉花园102.103室,32.024720,118.804370
南京,南京市区,01233,水西门大街195号,32.033180,118.754650
南京,南京市区,01329,过街村88号,32.093940,118.819950
南京,南京市区,51524,宝地园24栋111室,32.061040,118.743690
南京,南京市区,01320,燕子矶和平街14号 (8路底站),32.144560,118.817990
南京,南京市区,01036,江东北路87号,32.039580,118.738300
南京,南京市区,51895,新门口2号,32.081990,118.767460
南京,南京市区,51258,中山南路厅后街5号101室,32.030260,118.785700
南京,南京市区,51816,秣陵路99号,32.036770,118.777670
南京,南京市区,51555,雨花新村19栋102室,31.997900,118.775710
南京,南京市区,01027,凤台南路7号,32.008549,118.763187
南京,南京市区,51244,宝燕路10号,32.106480,118.767190
南京,南京市区,01832,中和桥路160号,32.008020,118.826740
南京,南京市区,51818,集庆门大街15号,32.019260,118.764240
南京,南京市区,51113,集庆门地铁站内D01-3商铺,32.019220,118.768440
南京,南京市区,51026,梦都大街138-101室,32.000810,118.750000
南京,南京市区,51401,虎踞北路34号,32.066260,118.757000
南京,南京市区,01831,长江新村40-1号,32.081410,118.775170
南京,南京市区,01428,升州路41号,32.023420,118.782900
南京,南京市区,01880,江东北路418号-10清江花苑,32.067900,118.739300
南京,南京市区,01245,建宁路7号米兰酒店门口,32.090260,118.779560
南京,南京市区,51023,延龄巷50号,32.037970,118.791990
南京,南京市区,51388,光华路万达新村20号-16,32.018030,118.854600
南京,南京市区,51398,宁海路48号,32.060820,118.769520
南京,南京市区,51427,小卫街18-16号,32.037040,118.851960
南京,南京市区,01822,龙蟠中路马标华润苏果内,32.045860,118.806350
南京,南京市区,01478,锁金村10号,32.071400,118.814250
南京,南京市区,51287,御道街标营2号,32.027850,118.820470
南京,南京市区,51119,曹后村9号,32.086400,118.809120
南京,南京市区,01760,藤子村114号,32.089280,118.825500
南京,南京市区,51275,清江南路5号,32.031130,118.728550
南京,南京市区,01505,漓江路48号中保绿苑18幢04号,32.056220,118.736620
南京,南京市区,51132,栖霞镇栖霞街23号,32.148374,118.953606
南京,南京市区,51242,龙江小区宝地园78号104室,32.057780,118.744780
